customer_id,signup_date,country_code,postal_code,age,employment_status,annual_income,plan_type,tenure_months,monthly_charges,total_charges,support_calls,region,data_plan,churned
CUS100006,2020-05-14,DE,41579,37,unemployed,,Business,61,108.16,6597.76,0,EU-WEST,unlimited,0
CUS100003,2020-02-04,DE,12695,74,employed,45085.0,Premium,65,78.9,5128.5,3,EU-WEST,unlimited,0
CUS100032,2023-09-06,NL,86722,34,employed,38873.0,Premium,37,82.13,3038.81,3,EU-WEST,unlimited,0
CUS100438,2024-02-26,DE,10967,57,employed,59667.0,Business,60,97.73,5863.8,0,EU-WEST,unlimited,0
CUS900002,2024-10-14,DE,70912,61,self-employed,,Standard,67,55.81,3739.27,2,EU-WEST,unlimited,0
CUS100048,2022-09-18,DE,69058,39,employed,40896.0,Basic,33,30.81,1016.73,4,EU-WEST,unlimited,0
CUS100107,2020-01-29,NA,51122,75,employed,40434.0,Basic,28,27.47,769.16,1,EU-WEST,unlimited,0
CUS100481,2021-11-30,DE,19366,41,student,61947.0,Basic,28,19.8,554.4,0,EU-WEST,unlimited,1
CUS100118,2020-08-10,DE,57460,23,student,35092.0,Premium,29,76.72,2224.88,1,EU-WEST,unlimited,0
CUS100370,2024-07-18,DE,31015,56,employed,23898.0,Basic,22,22.37,492.14,4,EU-WEST,unlimited,0
CUS100208,2021-07-17,DE,88279,56,student,76264.0,Basic,32,28.89,924.48,1,EU-WEST,unlimited,0
CUS100539,2023-01-09,NL,29682,68,employed,46942.0,Basic,60,19.29,1157.4,1,EU-WEST,unlimited,0
CUS100318,2019-07-24,CH,29645,62,employed,29921.0,Standard,13,48.53,630.89,0,EU-WEST,unlimited,1
CUS100113,2020-08-14,AT,83418,65,employed,27846.0,Premium,59,77.6,4578.4,0,EU-WEST,unlimited,1
CUS100549,2021-02-21,DE,32744,73,student,15582.0,Basic,28,17.86,500.08,0,EU-WEST,unlimited,0
CUS100131,2019-03-15,FR,83598,70,employed,45772.0,Basic,18,26.14,470.52,1,EU-WEST,unlimited,0
CUS100375,2019-08-14,DE,16387,65,employed,52952.0,Basic,2,33.46,66.92,2,EU-WEST,unlimited,0
CUS100309,2019-05-26,DE,70140,36,student,36358.0,Premium,46,78.08,3591.68,0,EU-WEST,unlimited,1
CUS100294,2024-02-20,DE,02713,22,self-employed,,Basic,18,20.42,367.56,1,EU-WEST,unlimited,1
CUS100174,2024-12-10,NA,82380,74,employed,42158.0,Standard,5,38.06,190.3,0,EU-WEST,unlimited,1
CUS100015,2024-02-19,DE,71590,68,employed,59283.0,Basic,60,42.93,2575.8,1,EU-WEST,unlimited,0
CUS100387,2021-02-14,DE,50555,26,employed,19145.0,Standard,43,39.63,1704.09,2,EU-WEST,unlimited,0
CUS100463,2023-06-25,DE,15633,65,student,47133.0,Premium,52,81.9,4258.8,2,EU-WEST,unlimited,0
CUS100010,2021-01-21,DE,73591,25,employed,16128.0,Business,21,95.45,2004.45,0,EU-WEST,unlimited,1
CUS100542,2019-08-14,AT,93908,75,employed,14320.0,Basic,62,22.94,1422.28,4,EU-WEST,unlimited,0
CUS100190,2023-03-12,DE,36353,21,student,20363.0,Standard,33,47.06,1552.98,2,EU-WEST,unlimited,0
CUS100576,2023-12-16,CH,45925,47,student,21338.0,Basic,16,24.25,388.0,0,EU-WEST,unlimited,0
CUS100204,2023-09-05,DE,95866,68,unemployed,,Premium,53,80.09,-,1,EU-WEST,unlimited,0
CUS100288,2023-05-24,DE,55256,76,employed,17872.0,Premium,27,79.2,2138.4,1,EU-WEST,unlimited,1
CUS100606,2024-05-12,AT,58419,20,employed,37768.0,Business,43,93.51,4020.93,0,EU-WEST,unlimited,0
CUS100105,2020-07-01,AT,94533,34,unemployed,64780.0,Premium,5,72.53,362.65,0,EU-WEST,unlimited,1
CUS100081,2023-08-28,FR,40717,22,employed,48835.0,Premium,20,75.3,1506.0,1,EU-WEST,unlimited,0
CUS900008,2023-06-22,DE,52775,31,employed,51082.0,Basic,12,13.42,161.04,2,EU-WEST,unlimited,0
CUS100430,2020-12-04,NL,89306,71,employed,54534.0,Standard,22,48.76,852.72,2,EU-WEST,unlimited,0
CUS100568,2022-12-03,DE,35259,41,employed,30521.0,Basic,68,27.01,1836.68,0,EU-WEST,unlimited,0
CUS100167,2024-08-03,DE,58305,23,employed,30024.0,Standard,13,41.91,544.83,0,EU-WEST,unlimited,0
CUS100380,2024-09-08,DE,23594,30,employed,39296.0,Basic,69,24.49,1689.81,2,EU-WEST,unlimited,0
CUS100484,2019-12-12,AT,21546,38,student,39352.0,Basic,64,24.01,1536.64,0,EU-WEST,unlimited,0
CUS100258,2022-11-11,DE,40357,24,employed,36433.0,Standard,29,51.9,?,0,EU-WEST,unlimited,0
CUS100228,2023-03-26,DE,55622,27,student,53156.0,Premium,23,73.78,1696.94,0,EU-WEST,unlimited,0
CUS900000,2019-05-26,DE,70140,36,student,36358.0,Premium,46,78.08,3591.68,0,EU-WEST,unlimited,1
CUS100064,2022-09-04,DE,43991,75,unemployed,,Basic,72,29.93,2154.96,2,EU-WEST,unlimited,0
CUS100592,2024-07-05,DE,21702,59,retired,23515.0,Business,46,103.03,4739.38,2,EU-WEST,unlimited,0
CUS100558,2021-01-04,DE,85604,71,retired,99422.0,Basic,39,16.95,661.05,1,EU-WEST,unlimited,1
CUS100609,2022-12-20,CH,09317,73,employed,,Business,52,79.1,4113.2,0,EU-WEST,unlimited,0
CUS100426,2024-12-14,CH,70936,52,employed,30080.0,Standard,22,42.49,934.78,2,EU-WEST,unlimited,0
CUS100466,2022-12-31,NL,77770,24,employed,24247.0,Standard,34,49.28,1675.52,1,EU-WEST,unlimited,0
CUS100392,2019-05-01,DE,89661,42,employed,28121.0,Standard,7,41.34,289.38,1,EU-WEST,unlimited,0
CUS100553,2022-07-06,DE,96048,66,employed,31375.0,Basic,7,25.13,175.91,0,EU-WEST,unlimited,0
CUS100514,2021-04-29,DE,57367,37,employed,38915.0,Premium,25,81.11,1777.75,2,EU-WEST,unlimited,0
CUS100599,2020-08-15,DE,79069,33,employed,41030.0,Basic,29,26.72,774.88,1,EU-WEST,unlimited,0
CUS100074,2023-08-23,DE,05346,19,employed,15313.0,Basic,36,27.52,990.72,0,EU-WEST,unlimited,0
CUS100509,2022-10-24,DE,96893,43,employed,59214.0,Standard,24,45.01,1080.24,1,EU-WEST,unlimited,0
CUS100566,2022-10-18,DE,67123,27,employed,28187.0,Premium,17,76.21,1295.57,0,EU-WEST,unlimited,0
CUS100577,2020-04-01,NA,27257,34,unemployed,,Basic,54,24.16,1304.64,1,EU-WEST,unlimited,0
CUS100086,2021-07-21,DE,89734,58,self-employed,55249.0,Premium,68,71.0,4828.0,3,EU-WEST,unlimited,0
CUS100027,2024-01-05,BE,22124,28,unemployed,28575.0,Basic,33,22.26,734.58,2,EU-WEST,unlimited,0
CUS100434,2019-06-22,DE,73049,77,employed,45247.0,Premium,32,80.22,2567.04,4,EU-WEST,unlimited,1
CUS100177,2022-06-09,DE,54341,77,employed,42290.0,Standard,30,44.93,1347.9,1,EU-WEST,unlimited,1
CUS100595,2021-06-10,FR,86925,58,employed,51623.0,Standard,61,40.41,2465.01,2,EU-WEST,unlimited,0
CUS100564,2024-12-15,FR,88428,63,employed,24249.0,Standard,53,55.38,2935.14,4,EU-WEST,unlimited,0
CUS100134,2019-07-13,AT,60744,60,employed,,Basic,60,33.68,2020.8,1,EU-WEST,unlimited,0
CUS100545,2024-04-20,AT,49475,69,employed,39276.0,Basic,32,21.02,-,3,EU-WEST,unlimited,0
CUS100335,2024-03-07,DE,05460,57,employed,99401.0,Premium,48,85.17,4088.16,1,EU-WEST,unlimited,0
CUS100152,2021-08-17,NL,99007,46,unemployed,,Standard,35,42.74,1495.9,0,EU-WEST,unlimited,0
CUS100300,2021-06-17,BE,24461,65,employed,34586.0,Business,54,98.17,5301.18,0,EU-WEST,unlimited,0
CUS100383,2022-03-18,DE,56007,61,self-employed,,Basic,41,25.74,1055.34,1,EU-WEST,unlimited,0
CUS100594,2021-12-02,DE,62163,24,unemployed,,Standard,58,44.44,2577.52,1,EU-WEST,unlimited,0
CUS100050,2019-02-06,DE,16395,71,employed,63381.0,Basic,11,25.3,278.3,0,EU-WEST,unlimited,1
CUS100217,2023-12-09,DE,07866,65,self-employed,,Business,26,94.58,2459.08,2,EU-WEST,unlimited,0
CUS100037,2019-12-03,DE,18526,52,employed,40727.0,Business,45,93.26,4196.7,1,EU-WEST,unlimited,0
CUS100233,2020-03-03,DE,52002,74,employed,51360.0,Premium,59,84.94,5011.46,3,EU-WEST,unlimited,0
CUS100433,2021-06-09,DE,72795,60,unemployed,36763.0,Basic,63,24.03,1513.89,2,EU-WEST,unlimited,0
CUS100036,2024-11-04,DE,50262,72,employed,31259.0,Business,51,89.42,4560.42,4,EU-WEST,unlimited,0
CUS100269,2019-01-13,NL,63441,-1,employed,32079.0,Basic,69,12.04,830.76,2,EU-WEST,unlimited,0
CUS100280,2021-09-03,FR,80911,61,student,43125.0,Premium,56,70.91,3970.96,2,EU-WEST,unlimited,0
CUS100247,2019-05-31,CH,07533,56,retired,21193.0,Basic,37,27.23,1007.51,2,EU-WEST,unlimited,1
CUS100030,2019-07-20,DE,77789,76,employed,25070.0,Basic,42,30.38,1275.96,1,EU-WEST,unlimited,0
CUS100137,2019-06-22,DE,37545,35,employed,34999.0,Premium,70,69.34,4853.8,3,EU-WEST,unlimited,1
CUS100567,2020-09-01,DE,58801,62,employed,24084.0,Basic,38,31.31,1189.78,2,EU-WEST,unlimited,0
CUS100155,2020-11-13,DE,52972,30,employed,,Standard,66,44.65,2946.9,3,EU-WEST,unlimited,1
CUS100452,2023-09-30,DE,20997,45,employed,80715.0,Basic,33,17.32,571.56,4,EU-WEST,unlimited,0
CUS100379,2021-04-18,NL,94330,60,self-employed,,Business,18,95.62,1721.16,4,EU-WEST,unlimited,1
CUS100049,2024-02-04,BE,49784,20,student,50723.0,Premium,3,78.01,234.03,0,EU-WEST,unlimited,1
CUS100469,2024-06-04,CH,75115,35,employed,24308.0,Basic,12,-45.0,398.76,1,EU-WEST,unlimited,0
CUS100007,2024-07-10,NA,81245,28,self-employed,28223.0,Standard,17,52.1,885.7,1,EU-WEST,unlimited,0
CUS100259,2020-12-23,AT,38884,48,unemployed,23779.0,Standard,25,49.26,1231.5,2,EU-WEST,unlimited,0
CUS100372,2021-07-07,DE,47286,77,employed,20897.0,Standard,13,53.88,700.44,1,EU-WEST,unlimited,0
CUS100329,2020-06-08,DE,87371,68,unemployed,93628.0,Business,44,94.22,4145.68,1,EU-WEST,unlimited,0
CUS100368,2020-12-13,FR,08484,52,self-employed,,Business,59,99.59,5875.81,1,EU-WEST,unlimited,1
CUS100495,2024-02-10,FR,24908,49,unemployed,47806.0,Business,48,93.74,?,1,EU-WEST,unlimited,0
CUS100317,2024-11-16,DE,27890,22,self-employed,,Basic,15,17.63,264.45,3,EU-WEST,unlimited,0
CUS100500,2023-11-30,DE,48140,36,unemployed,29453.0,Business,23,97.41,2240.43,1,EU-WEST,unlimited,1
CUS100040,2022-04-06,NL,16636,61,employed,39096.0,Basic,34,18.46,627.64,6,EU-WEST,unlimited,0
CUS100337,2024-04-28,DE,90020,73,employed,35803.0,Standard,23,49.3,1133.9,2,EU-WEST,unlimited,0
CUS100245,2024-02-06,DE,82945,44,employed,36537.0,Basic,58,27.92,1619.36,1,EU-WEST,unlimited,1
CUS100461,2021-05-11,DE,02398,70,employed,60619.0,Business,24,91.05,2185.2,0,EU-WEST,unlimited,0
CUS100078,2019-11-05,DE,93032,60,employed,67986.0,Premium,48,65.87,3161.76,0,EU-WEST,unlimited,0
CUS100172,2019-10-29,NL,74836,73,employed,30517.0,Standard,43,41.03,1764.29,1,EU-WEST,unlimited,0
CUS100384,2023-09-06,AT,31461,45,self-employed,27563.0,Basic,18,24.08,433.44,3,EU-CENTRAL,unlimited,0
CUS100569,2019-05-06,BE,54097,59,student,38219.0,Business,55,108.0,5940.0,1,EU-WEST,unlimited,0
CUS100100,2020-02-20,CH,28924,43,employed,50099.0,Premium,50,71.79,3589.5,2,EU-WEST,unlimited,0
CUS100386,2024-06-21,DE,30101,43,employed,32952.0,Business,23,98.05,2255.15,2,EU-WEST,unlimited,1
CUS100367,2021-05-22,DE,96949,45,student,28647.0,Standard,38,31.05,1179.9,2,EU-WEST,unlimited,0
CUS100459,2024-04-04,DE,21190,34,employed,76608.0,Standard,58,42.98,2492.84,2,EU-WEST,unlimited,0
CUS100166,2020-04-16,DE,68921,32,employed,57532.0,Premium,4,76.05,304.2,2,EU-WEST,unlimited,0
CUS100194,2024-02-24,NA,11123,67,retired,52970.0,Premium,52,85.47,4444.44,3,EU-WEST,unlimited,0
CUS100366,2024-04-01,DE,12138,28,self-employed,,Basic,65,23.42,1522.3,1,EU-WEST,unlimited,1
CUS100467,2022-10-16,DE,37621,42,student,35481.0,Standard,65,47.88,3112.2,0,EU-WEST,unlimited,0
CUS100406,2019-09-22,DE,19866,67,self-employed,,Standard,18,49.16,884.88,2,EU-WEST,unlimited,0
CUS100499,2024-05-04,NL,65181,65,employed,27542.0,Business,28,102.61,2873.08,1,EU-WEST,unlimited,0
CUS100340,2021-03-06,DE,30741,49,self-employed,,Premium,55,79.4,4367.0,1,EU-WEST,unlimited,0
CUS100605,2022-06-08,DE,12518,74,unemployed,,Basic,55,25.92,1425.6,1,EU-WEST,unlimited,0
CUS100111,2021-06-20,DE,52959,61,employed,55143.0,Premium,11,79.98,879.78,2,EU-WEST,unlimited,0
CUS100138,2021-11-24,FR,24937,38,self-employed,,Standard,69,44.24,3052.56,1,EU-WEST,unlimited,0
CUS100171,2020-11-26,DE,24276,69,self-employed,47407.0,Basic,47,16.48,774.56,4,EU-WEST,unlimited,0
CUS100365,2024-08-09,NL,31335,63,unemployed,,Premium,64,77.88,4984.32,0,EU-WEST,unlimited,0
CUS100516,2019-11-07,DE,58743,71,employed,18850.0,Basic,56,27.1,1517.6,0,EU-WEST,unlimited,0
CUS100585,2019-07-22,NL,83193,49,employed,12857.0,Premium,58,81.11,4704.38,0,EU-WEST,unlimited,0
CUS100195,2024-10-09,DE,58189,55,student,27085.0,Standard,27,44.4,1198.8,0,EU-WEST,unlimited,1
CUS100502,2019-08-10,AT,51886,28,student,46103.0,Business,48,89.72,4306.56,2,EU-WEST,unlimited,1
CUS100472,2022-08-23,DE,91084,47,student,21943.0,Basic,36,17.31,623.16,3,EU-WEST,unlimited,1
CUS100561,2019-09-24,DE,12667,63,employed,45427.0,Basic,49,22.82,1118.18,0,EU-WEST,unlimited,1
CUS100491,2024-09-17,DE,74773,34,employed,104155.0,Basic,28,28.91,809.48,1,EU-WEST,unlimited,1
CUS100573,2020-06-30,CH,67980,73,employed,61072.0,Basic,20,37.58,751.6,3,EU-WEST,unlimited,1
CUS100287,2024-05-02,DE,09698,55,retired,52450.0,Premium,64,79.48,5086.72,1,EU-WEST,unlimited,0
CUS100313,2022-11-22,DE,52846,27,employed,44320.0,Basic,24,22.4,537.6,1,EU-WEST,unlimited,1
CUS100301,2019-06-26,DE,10765,75,employed,30853.0,Premium,19,73.1,1388.9,2,EU-WEST,unlimited,1
CUS100536,2019-01-09,DE,76687,32,employed,91223.0,Standard,61,53.74,3278.14,2,EU-WEST,unlimited,0
CUS100144,2019-02-09,DE,21212,43,employed,39313.0,Standard,36,42.37,1525.32,1,EU-WEST,unlimited,0
CUS100571,2019-02-20,DE,37495,21,student,53142.0,Standard,14,48.25,675.5,2,EU-WEST,unlimited,0
CUS100456,2024-01-27,DE,83036,27,employed,19098.0,Basic,66,24.57,1621.62,0,EU-WEST,unlimited,0
CUS100222,2020-12-26,FR,13926,57,self-employed,,Standard,57,40.02,2281.14,2,EU-WEST,unlimited,0
CUS100410,2024-10-29,DE,44251,30,employed,29782.0,Basic,28,24.65,690.2,1,EU-WEST,unlimited,1
CUS100126,2021-10-03,DE,67453,53,employed,35722.0,Standard,69,42.55,2935.95,1,EU-WEST,unlimited,0
CUS100263,2020-07-01,DE,32297,32,employed,56215.0,Business,42,98.74,4147.08,1,EU-WEST,unlimited,0
CUS100399,2024-08-06,DE,75320,63,employed,64643.0,Standard,39,44.48,1734.72,3,EU-WEST,unlimited,0
CUS100405,2024-01-27,DE,37350,72,student,75284.0,Basic,44,19.71,867.24,0,EU-WEST,unlimited,0
CUS100209,2020-08-05,DE,24727,66,employed,77939.0,Standard,63,40.42,2546.46,3,EU-WEST,unlimited,0
CUS100103,2022-04-20,CH,51172,21,employed,44480.0,Standard,44,39.83,1752.52,1,EU-WEST,unlimited,1
CUS100356,2019-03-22,FR,86908,71,employed,29094.0,Premium,65,83.61,5434.65,0,EU-WEST,unlimited,0
CUS100053,2020-08-29,AT,67692,54,employed,59547.0,Standard,34,56.92,1935.28,0,EU-WEST,unlimited,0
CUS100403,2019-05-28,NL,57745,39,employed,22460.0,Premium,48,77.89,3738.72,1,EU-WEST,unlimited,0
CUS100498,2023-10-23,DE,67720,21,employed,61376.0,Standard,38,52.86,2008.68,0,EU-WEST,unlimited,1
CUS100053,2020-08-29,AT,67692,54,employed,59547.0,Standard,34,56.92,1935.28,0,EU-WEST,unlimited,0
CUS100343,2021-06-22,DE,79248,34,employed,28991.0,Basic,46,21.93,1008.78,4,EU-WEST,unlimited,0
CUS100295,2019-11-14,DE,45448,50,employed,51289.0,Basic,31,22.83,707.73,1,EU-WEST,unlimited,0
CUS100071,2024-11-11,DE,36976,29,retired,41342.0,Basic,15,29.12,436.8,2,EU-WEST,unlimited,0
CUS100216,2023-04-10,DE,56419,45,retired,50396.0,Basic,63,29.15,1836.45,1,EU-WEST,unlimited,0
CUS100206,2022-11-27,DE,86923,26,employed,25279.0,Basic,6,11.76,70.56,3,EU-WEST,unlimited,0
CUS100562,2023-03-29,CH,69011,44,employed,52495.0,Basic,25,18.06,451.5,1,EU-WEST,unlimited,0
CUS100507,2020-06-14,CH,55189,27,employed,32613.0,Standard,18,41.35,744.3,0,EU-WEST,unlimited,0
CUS100191,2024-04-14,FR,58375,23,employed,44693.0,Premium,55,84.32,4637.6,1,EU-WEST,unlimited,1
CUS100199,2020-09-11,DE,14339,19,employed,129845.0,Basic,9,19.47,175.23,1,EU-WEST,unlimited,1
CUS100002,2021-02-22,DE,67009,32,unemployed,38062.0,Standard,50,44.12,2206.0,1,EU-WEST,unlimited,0
CUS100360,2024-10-14,DE,70912,61,self-employed,,Standard,67,55.81,3739.27,2,EU-WEST,unlimited,0
CUS100004,2022-01-18,DE,32481,49,employed,43505.0,Standard,42,47.78,2006.76,1,EU-WEST,unlimited,0
CUS100188,2022-03-28,DE,44851,59,unemployed,,Standard,35,47.04,1646.4,3,EU-WEST,unlimited,0
CUS100374,2023-07-05,BE,33579,49,student,37724.0,Basic,32,31.1,995.2,2,EU-WEST,unlimited,1
CUS100025,2021-06-18,NL,73296,72,employed,30743.0,Basic,19,22.42,425.98,0,EU-WEST,unlimited,0
CUS100180,2023-07-04,DE,51734,19,employed,44225.0,Standard,52,39.03,2029.56,0,EU-WEST,unlimited,1
CUS100046,2020-02-22,AT,19566,25,employed,49366.0,Business,9,95.59,860.31,3,EU-WEST,unlimited,0
CUS100548,2022-11-12,DE,37486,72,unemployed,52602.0,Business,63,91.57,5768.91,1,EU-WEST,unlimited,0
CUS100275,2019-03-26,NA,15535,34,unemployed,,Premium,38,71.06,2700.28,0,EU-WEST,unlimited,1
CUS900003,2021-06-18,NL,73296,72,employed,30743.0,Basic,19,22.42,425.98,0,EU-WEST,unlimited,0
CUS100289,2023-04-18,DE,34049,43,employed,,Standard,30,53.47,1604.1,2,EU-WEST,unlimited,0
CUS100115,2024-08-01,DE,07758,42,employed,55531.0,Business,28,97.66,2734.48,0,EU-WEST,unlimited,1
CUS100614,2021-12-15,DE,52839,68,employed,30982.0,Standard,25,41.89,1047.25,2,EU-WEST,unlimited,0
CUS100494,2021-04-29,DE,58131,43,student,36500.0,Premium,14,82.31,1152.34,3,EU-WEST,unlimited,0
CUS100522,2021-07-01,AT,91191,57,employed,100651.0,Basic,15,37.68,565.2,0,EU-WEST,unlimited,0
CUS100465,2020-06-25,FR,03536,69,employed,57768.0,Basic,63,25.02,1576.26,4,EU-WEST,unlimited,0
CUS100017,2023-12-08,BE,33218,50,retired,,Business,58,102.12,5922.96,1,EU-WEST,unlimited,1
CUS100132,2020-10-16,CH,54546,33,unemployed,,Basic,4,37.35,149.4,2,EU-WEST,unlimited,0
CUS100514,2021-04-29,DE,57367,37,employed,38915.0,Premium,25,71.11,1777.75,0,EU-WEST,unlimited,0
CUS100504,2021-10-11,DE,65488,25,employed,68449.0,Standard,22,55.28,1216.16,2,EU-WEST,unlimited,0
CUS100411,2023-08-06,AT,48424,64,self-employed,62231.0,Premium,3,83.55,250.65,1,EU-WEST,unlimited,0
CUS100102,2020-01-06,DE,61828,29,student,24641.0,Business,47,90.73,4264.31,2,EU-WEST,unlimited,0
CUS100479,2021-01-27,DE,05777,70,student,41545.0,Basic,69,25.67,1771.23,0,EU-WEST,unlimited,0
CUS100262,2021-02-06,NL,70533,65,retired,28263.0,Business,63,101.38,6386.94,1,EU-WEST,unlimited,0
CUS100162,2019-07-15,FR,73040,62,retired,53511.0,Business,55,87.2,4796.0,0,EU-WEST,unlimited,0
CUS100404,2024-06-30,DE,79722,76,employed,56030.0,Standard,16,57.6,921.6,2,EU-WEST,unlimited,1
CUS100506,2020-01-12,DE,77410,60,employed,35387.0,Standard,52,52.48,?,0,EU-WEST,unlimited,0
CUS100398,2019-08-06,AT,53859,31,student,30239.0,Basic,62,26.94,1670.28,3,EU-WEST,unlimited,0
CUS100266,2024-09-19,DE,66865,53,employed,61564.0,Premium,10,72.3,723.0,1,EU-WEST,unlimited,1
CUS100141,2023-11-01,DE,01452,57,retired,57501.0,Standard,49,32.08,1571.92,3,EU-WEST,unlimited,0
CUS100178,2020-05-23,DE,73846,29,student,37362.0,Business,16,99.54,1592.64,2,EU-WEST,unlimited,0
CUS100371,2020-10-04,AT,19015,34,student,12470.0,Standard,4,36.97,147.88,3,EU-WEST,unlimited,0
CUS100618,2023-02-08,DE,97212,32,employed,41344.0,Business,25,99.87,2496.75,1,EU-WEST,unlimited,1
CUS100044,2021-12-19,DE,31399,27,employed,32460.0,Basic,62,27.0,1674.0,1,EU-WEST,unlimited,0
CUS100261,2023-09-01,BE,85020,38,employed,17300.0,Basic,69,27.44,1893.36,3,EU-WEST,unlimited,0
CUS100136,2024-12-19,AT,55257,44,student,33342.0,Premium,30,81.63,2448.9,0,EU-WEST,unlimited,0
CUS900005,2023-09-05,DE,95866,68,unemployed,,Premium,53,80.09,-,1,EU-WEST,unlimited,0
CUS100473,2021-03-17,CH,60839,70,student,67776.0,Business,47,97.5,4582.5,2,EU-WEST,unlimited,0
CUS100135,2022-11-29,DE,84284,59,employed,72219.0,Standard,7,46.66,326.62,2,EU-WEST,unlimited,1
CUS100579,2019-04-22,DE,24722,20,employed,21471.0,Basic,65,22.97,1493.05,0,EU-WEST,unlimited,0
CUS100214,2022-08-18,DE,29464,32,employed,80209.0,Standard,21,50.23,1054.83,2,EU-WEST,unlimited,0
CUS100230,2022-12-19,DE,66637,44,student,50301.0,Business,42,103.03,4327.26,0,EU-WEST,unlimited,1
CUS100026,2023-01-08,DE,16180,21,employed,27667.0,Premium,72,78.71,5667.12,2,EU-WEST,unlimited,0
CUS100183,2021-04-14,DE,41770,62,employed,47964.0,Standard,64,47.7,3052.8,3,EU-WEST,unlimited,0
CUS100142,2019-01-23,DE,26740,59,employed,62335.0,Premium,2,83.28,166.56,1,EU-WEST,unlimited,0
CUS100393,2021-04-08,AT,32432,69,employed,21956.0,Premium,2,90.02,180.04,1,EU-WEST,unlimited,0
CUS100209,2020-08-05,DE,24727,66,employed,77939.0,Standard,63,50.42,2546.46,5,EU-WEST,unlimited,0
CUS100316,2019-02-04,AT,67165,55,self-employed,31749.0,Premium,53,79.84,4231.52,0,EU-WEST,unlimited,0
CUS100338,2023-08-21,DE,03332,45,employed,36183.0,Basic,10,28.02,280.2,2,EU-WEST,unlimited,0
CUS100043,2022-11-23,DE,29248,24,employed,55193.0,Standard,12,54.51,654.12,1,EU-WEST,unlimited,1
CUS100210,2020-12-31,DE,32848,67,employed,50505.0,Standard,50,45.54,2277.0,0,EU-WEST,unlimited,0
CUS100342,2021-02-23,CH,68820,49,student,71512.0,Premium,17,83.94,1426.98,0,EU-WEST,unlimited,0
CUS100489,2023-02-13,DE,61715,34,employed,52057.0,Premium,8,69.72,557.76,2,EU-WEST,unlimited,0
CUS100124,2024-03-26,CH,82065,26,retired,79908.0,Business,40,92.86,3714.4,1,EU-WEST,unlimited,1
CUS100581,2020-01-10,DE,62912,65,student,38402.0,Business,10,99.56,995.6,2,EU-WEST,unlimited,1
CUS100478,2021-09-13,NL,63491,56,retired,29855.0,Basic,46,20.97,964.62,2,EU-WEST,unlimited,1
CUS100005,2019-05-14,DE,23977,73,employed,45980.0,Premium,56,69.29,3880.24,2,EU-WEST,unlimited,0
CUS100362,2024-07-22,AT,80195,54,self-employed,62571.0,Basic,50,28.62,1431.0,0,EU-WEST,unlimited,0
CUS100619,2022-02-20,NL,11452,47,employed,48812.0,Business,61,103.72,6326.92,1,EU-WEST,unlimited,1
CUS100578,2020-07-19,BE,44099,48,student,56901.0,Standard,46,56.49,2598.54,1,EU-WEST,unlimited,0
CUS100266,2024-09-19,DE,66865,53,employed,61564.0,Premium,10,72.3,723.0,1,EU-WEST,unlimited,1
CUS100615,2020-10-15,DE,64724,43,employed,40881.0,Basic,31,25.45,788.95,2,EU-WEST,unlimited,0
CUS100501,2019-07-05,DE,28521,29,employed,74256.0,Standard,27,34.47,930.69,3,EU-WEST,unlimited,0
CUS100416,2031-06-14,FR,03193,30,employed,46416.0,Premium,65,78.82,5123.3,2,EU-WEST,unlimited,0
CUS100125,2021-01-09,BE,95938,62,employed,78814.0,Basic,49,38.06,1864.94,3,EU-WEST,unlimited,1
CUS100575,2020-08-24,DE,74814,47,employed,60066.0,Basic,39,11.75,458.25,2,EU-WEST,unlimited,0
CUS100554,2022-09-30,BE,08436,37,employed,37976.0,Basic,48,21.05,1010.4,3,EU-WEST,unlimited,0
CUS100267,2020-04-10,AT,15301,48,unemployed,,Standard,20,50.58,1011.6,1,EU-WEST,unlimited,0
CUS100307,2022-04-03,DE,19865,50,self-employed,23701.0,Basic,52,21.23,1103.96,2,EU-WEST,unlimited,0
CUS100075,2019-04-10,NL,92266,73,employed,48633.0,Standard,1,39.72,39.72,1,EU-WEST,unlimited,1
CUS100173,2024-08-13,DE,33909,59,student,48197.0,Business,42,93.52,3927.84,1,EU-WEST,unlimited,1
CUS100608,2022-12-23,DE,91139,22,employed,65887.0,Basic,24,29.15,699.6,1,EU-WEST,unlimited,0
CUS100051,2020-10-05,DE,96308,47,self-employed,,Standard,38,44.31,1683.78,0,EU-WEST,unlimited,0
CUS100555,2023-09-08,DE,21530,41,employed,35601.0,Basic,53,18.93,1003.29,0,EU-WEST,unlimited,0
CUS100611,2024-03-05,AT,32726,60,employed,39829.0,Basic,33,16.27,536.91,1,EU-WEST,unlimited,1
CUS100132,2020-10-16,CH,54546,33,unemployed,,Basic,4,37.35,149.4,2,EU-WEST,unlimited,0
CUS100202,2019-11-11,NA,79118,64,self-employed,,Basic,8,17.12,136.96,1,EU-WEST,unlimited,1
CUS100312,2022-12-31,AT,24912,68,employed,44370.0,Business,22,83.75,1842.5,2,EU-WEST,unlimited,0
CUS100057,2020-07-15,DE,82651,36,employed,15775.0,Premium,46,82.48,3794.08,2,EU-WEST,unlimited,0
CUS100163,2020-03-10,DE,67243,30,unemployed,,Standard,67,34.61,2318.87,0,EU-WEST,unlimited,0
CUS100487,2020-11-22,DE,57423,32,employed,31972.0,Standard,48,41.76,2004.48,0,EU-WEST,unlimited,0
CUS100235,2022-09-01,NA,16034,36,retired,57776.0,Basic,10,23.99,239.9,4,EU-WEST,unlimited,0
CUS100306,2020-01-24,BE,34390,44,retired,19959.0,Basic,23,21.56,495.88,2,EU-WEST,unlimited,0
CUS100154,2021-12-29,NL,87391,71,employed,,Premium,44,72.99,3211.56,0,EU-WEST,unlimited,1
CUS100443,2022-06-02,DE,64966,74,employed,38438.0,Basic,15,20.31,304.65,4,EU-WEST,unlimited,1
CUS100273,2021-10-06,DE,90371,67,retired,94457.0,Basic,71,16.61,1179.31,1,EU-WEST,unlimited,0
CUS100331,2020-11-21,DE,14899,55,employed,67830.0,Premium,35,84.12,2944.2,1,EU-WEST,unlimited,0
CUS100131,2019-03-15,FR,83598,70,employed,45772.0,Basic,18,26.14,470.52,1,EU-WEST,unlimited,0
CUS100093,2022-03-16,DE,51879,60,employed,19894.0,Standard,7,51.62,361.34,3,EU-WEST,unlimited,0
CUS100099,2019-05-20,NL,84646,33,employed,32425.0,Premium,63,72.89,4592.07,0,EU-WEST,unlimited,0
CUS100610,2024-02-19,FR,68264,49,employed,50449.0,Standard,15,45.24,678.6,3,EU-WEST,unlimited,1
CUS100143,2020-08-15,NA,47310,71,employed,85901.0,Premium,22,75.68,1664.96,0,EU-WEST,unlimited,1
CUS900004,2024-01-17,DE,49290,19,self-employed,23695.0,Basic,20,20.88,417.6,2,EU-WEST,unlimited,0
CUS100129,2019-06-26,BE,14321,76,student,47632.0,Basic,32,24.01,768.32,0,EU-WEST,unlimited,0
CUS100493,2021-03-07,DE,82369,34,student,44909.0,Standard,10,44.57,445.7,1,EU-WEST,unlimited,1
CUS100148,2020-05-15,DE,70327,44,employed,64572.0,Premium,39,70.37,2744.43,2,EU-WEST,unlimited,0
CUS100397,2024-01-30,DE,04838,59,employed,66864.0,Standard,68,58.14,3953.52,2,EU-WEST,unlimited,0
CUS100226,2020-09-19,DE,71412,43,self-employed,59957.0,Basic,30,32.14,964.2,2,EU-WEST,unlimited,1
CUS100448,2023-12-29,DE,36534,73,unemployed,28757.0,Basic,19,21.17,402.23,2,EU-WEST,unlimited,0
CUS100249,2020-05-27,CH,34554,21,employed,49230.0,Basic,53,-12.5,1168.12,1,EU-WEST,unlimited,0
CUS100084,2021-07-23,DE,21044,70,employed,50854.0,Basic,14,24.76,346.64,2,EU-WEST,unlimited,0
CUS100322,2022-01-18,AT,69451,36,employed,38363.0,Basic,22,17.9,393.8,1,EU-WEST,unlimited,1
CUS100200,2023-10-06,AT,97903,26,employed,46473.0,Premium,30,76.27,2288.1,1,EU-WEST,unlimited,0
CUS100319,2019-12-25,DE,42289,19,employed,35470.0,Basic,4,23.92,95.68,1,EU-WEST,unlimited,1
CUS100091,2022-05-21,DE,63586,51,employed,30514.0,Business,54,91.73,4953.42,1,EU-WEST,unlimited,0
CUS100220,2019-04-20,DE,37730,55,employed,56129.0,Basic,39,21.29,830.31,1,EU-WEST,unlimited,0
CUS100028,2020-04-09,DE,70818,58,employed,38395.0,Standard,35,54.54,1908.9,4,EU-WEST,unlimited,1
CUS100583,2021-02-08,BE,41727,38,self-employed,,Basic,14,24.62,344.68,0,EU-WEST,unlimited,0
CUS100072,2024-05-23,DE,76797,68,self-employed,34317.0,Standard,52,42.81,2226.12,2,EU-WEST,unlimited,0
CUS100593,2024-04-01,DE,22025,66,self-employed,,Premium,68,83.73,5693.64,0,EU-WEST,unlimited,0
CUS100425,2024-09-15,DE,70966,46,retired,24798.0,Standard,9,44.3,398.7,3,EU-CENTRAL,unlimited,1
CUS100420,2021-03-19,DE,69260,46,retired,40325.0,Basic,42,22.68,952.56,3,EU-WEST,unlimited,0
CUS100396,2023-01-09,NL,20009,59,retired,36432.0,Standard,42,44.68,1876.56,2,EU-WEST,unlimited,0
CUS100281,2022-06-05,CH,74941,29,employed,54443.0,Standard,54,38.6,2084.4,1,EU-WEST,unlimited,0
CUS100182,2021-03-23,AT,23905,40,employed,33368.0,Business,70,90.48,6333.6,4,EU-WEST,unlimited,0
CUS100175,2022-07-07,DE,23686,60,retired,58509.0,Standard,28,36.77,1029.56,2,EU-WEST,unlimited,1
CUS100540,2019-08-11,NL,36144,25,employed,,Business,35,94.47,3306.45,3,EU-WEST,unlimited,0
CUS100485,2024-04-19,DE,81580,52,employed,58988.0,Standard,33,39.66,1308.78,3,EU-WEST,unlimited,0
CUS100401,2021-02-09,DE,02275,30,employed,40051.0,Basic,59,26.84,1583.56,3,EU-WEST,unlimited,1
CUS100580,2023-02-27,DE,16754,30,employed,35042.0,Basic,41,24.92,1021.72,1,EU-WEST,unlimited,1
CUS100544,2020-10-07,DE,81524,51,employed,45356.0,Business,2,104.71,209.42,3,EU-WEST,unlimited,1
CUS100440,2022-07-10,DE,84950,63,retired,55336.0,Standard,55,50.91,2800.05,0,EU-WEST,unlimited,0
CUS100464,2019-05-16,DE,92632,32,employed,26802.0,Basic,23,18.38,422.74,1,EU-WEST,unlimited,1
CUS100435,2023-04-06,NL,64969,68,student,52862.0,Basic,58,23.52,1364.16,2,EU-WEST,unlimited,0
CUS100080,2022-12-23,NA,39779,42,unemployed,115503.0,Premium,39,76.25,2973.75,0,EU-WEST,unlimited,0
CUS100350,2022-08-31,NL,50335,31,employed,49857.0,Basic,49,704.0,1133.86,2,EU-WEST,unlimited,0
CUS100351,2023-04-19,BE,01440,70,employed,88713.0,Basic,30,17.34,520.2,1,EU-WEST,unlimited,0
CUS100063,2019-04-15,DE,77715,69,unemployed,,Business,18,87.97,1583.46,0,EU-WEST,unlimited,1
CUS100061,2031-06-14,DE,69676,77,employed,36710.0,Basic,36,25.15,905.4,1,EU-WEST,unlimited,0
CUS100278,2019-02-25,DE,51576,66,employed,23393.0,Standard,65,31.21,2028.65,0,EU-WEST,unlimited,0
CUS100525,2023-12-03,DE,32148,59,employed,42789.0,Basic,10,25.61,256.1,0,EU-WEST,unlimited,0
CUS100528,2021-10-07,FR,11305,35,unemployed,65884.0,Basic,61,27.32,1666.52,1,EU-WEST,unlimited,0
CUS100279,2022-10-20,NL,94438,46,unemployed,21949.0,Premium,65,82.51,5363.15,1,EU-WEST,unlimited,1
CUS100526,2020-11-02,DE,25401,25,unemployed,,Premium,37,71.76,2655.12,0,EU-WEST,unlimited,0
CUS100441,2023-12-22,DE,13722,54,student,43001.0,Premium,64,85.31,5459.84,1,EU-WEST,unlimited,1
CUS100186,2019-03-14,DE,99451,42,employed,48734.0,Business,55,93.09,5119.95,0,EU-WEST,unlimited,0
CUS100008,2024-05-27,DE,04249,53,employed,,Basic,4,29.46,117.84,2,EU-WEST,unlimited,1
CUS100085,2019-03-18,DE,97551,77,employed,30742.0,Basic,37,25.63,948.31,2,EU-WEST,unlimited,0
CUS100436,2021-12-14,DE,27517,29,employed,89075.0,Premium,22,68.68,1510.96,2,EU-WEST,unlimited,1
CUS100305,2020-07-21,BE,61653,67,employed,30531.0,Premium,49,85.24,4176.76,3,EU-WEST,unlimited,0
CUS100415,2024-02-14,NL,57628,77,employed,51556.0,Basic,70,16.63,1164.1,1,EU-WEST,unlimited,0
CUS100530,2023-09-15,AT,07225,42,employed,64506.0,Basic,47,22.29,1047.63,0,EU-WEST,unlimited,0
CUS100096,2021-02-01,DE,78849,72,student,31765.0,Standard,53,46.36,2457.08,1,EU-WEST,unlimited,0
CUS100302,2019-05-02,BE,90218,50,employed,73701.0,Business,57,100.41,5723.37,1,EU-WEST,unlimited,0
CUS100156,2019-06-26,AT,38204,41,employed,19797.0,Premium,70,85.08,5955.6,2,EU-WEST,unlimited,0
CUS100439,2023-06-22,DE,09356,32,employed,30659.0,Basic,56,24.08,1348.48,2,EU-WEST,unlimited,0
CUS100364,2023-08-13,FR,69642,65,employed,39101.0,Standard,54,38.87,2098.98,1,EU-WEST,unlimited,0
CUS100121,2021-11-22,AT,44158,58,employed,,Basic,44,26.15,1150.6,4,EU-WEST,unlimited,0
CUS100574,2024-10-28,DE,81066,67,employed,41634.0,Basic,54,20.62,1113.48,2,EU-WEST,unlimited,0
CUS100211,2020-10-08,AT,14805,24,student,44433.0,Standard,25,30.73,768.25,2,EU-WEST,unlimited,0
CUS100293,2020-09-16,DE,15344,63,unemployed,,Basic,5,31.73,158.65,0,EU-WEST,unlimited,1
CUS100344,2023-09-24,CH,63338,62,student,,Standard,30,55.41,1662.3,4,EU-WEST,unlimited,0
CUS100590,2021-08-14,DE,46226,55,employed,55652.0,Basic,30,32.28,968.4,0,EU-WEST,unlimited,1
CUS100508,2021-08-27,DE,20757,77,employed,16601.0,Standard,16,43.86,701.76,1,EU-WEST,unlimited,1
CUS100164,2024-09-25,DE,50342,54,employed,34728.0,Standard,18,37.26,670.68,3,EU-WEST,unlimited,0
CUS100471,2024-03-11,NL,66479,33,employed,43214.0,Standard,2,44.46,88.92,1,EU-WEST,unlimited,0
CUS100474,2020-08-23,DE,92147,34,unemployed,,Premium,48,78.91,3787.68,0,EU-WEST,unlimited,0
CUS100378,2021-08-21,BE,25299,30,student,43003.0,Standard,51,43.55,2221.05,0,EU-WEST,unlimited,0
CUS100234,2023-11-04,AT,18839,24,employed,35132.0,Premium,47,72.79,3421.13,4,EU-WEST,unlimited,0
CUS100584,2019-05-27,DE,87370,60,employed,75108.0,Basic,4,31.24,124.96,3,EU-WEST,unlimited,1
CUS100179,2020-05-04,AT,07548,20,employed,24359.0,Business,18,99.39,1789.02,3,EU-WEST,unlimited,0
CUS100519,2024-02-29,AT,17273,26,self-employed,,Basic,22,29.85,656.7,0,EU-WEST,unlimited,1
CUS100308,2022-02-13,CH,20182,46,student,32331.0,Premium,10,79.06,790.6,2,EU-WEST,unlimited,0
CUS100069,2023-08-18,DE,34655,45,employed,24991.0,Business,50,96.13,4806.5,1,EU-WEST,unlimited,0
CUS100271,2019-05-31,DE,56221,60,student,49441.0,Business,33,91.65,3024.45,0,EU-WEST,unlimited,1
CUS100603,2021-06-15,NL,96775,70,employed,37650.0,Standard,14,35.59,498.26,2,EU-WEST,unlimited,0
CUS100023,2019-10-26,DE,93547,70,employed,61114.0,Basic,21,34.01,714.21,1,EU-WEST,unlimited,0
CUS100373,2019-01-29,DE,93686,76,employed,25448.0,Premium,3,79.6,238.8,0,EU-WEST,unlimited,1
CUS100292,2023-05-01,AT,79242,59,employed,25314.0,Basic,7,20.55,143.85,1,EU-WEST,unlimited,1
CUS100418,2024-01-29,NL,50277,75,employed,86872.0,Basic,2,22.91,45.82,2,EU-WEST,unlimited,1
CUS100600,2023-05-28,FR,76858,44,employed,29683.0,Premium,23,83.95,1930.85,3,EU-WEST,unlimited,0
CUS100058,2024-08-15,DE,62881,52,employed,73280.0,Business,32,99.96,3198.72,0,EU-WEST,unlimited,0
CUS100557,2023-11-14,NL,28989,50,student,32292.0,Standard,56,56.23,3148.88,2,EU-WEST,unlimited,0
CUS100079,2020-09-21,DE,44761,42,student,31072.0,Premium,12,76.94,923.28,1,EU-WEST,unlimited,1
CUS100265,2024-09-16,DE,21423,74,self-employed,32179.0,Basic,25,21.7,542.5,1,EU-WEST,unlimited,0
CUS100321,2020-08-01,DE,78844,61,employed,24350.0,Premium,16,69.8,1116.8,0,EU-WEST,unlimited,0
CUS100486,2022-01-16,DE,74919,55,employed,31458.0,Standard,72,49.73,3580.56,1,EU-WEST,unlimited,0
CUS100582,2023-12-19,DE,82114,37,unemployed,32223.0,Basic,64,34.52,2209.28,2,EU-WEST,unlimited,0
CUS100092,2022-09-08,DE,80625,45,employed,46743.0,Basic,35,21.85,764.75,1,EU-WEST,unlimited,0
CUS100369,2024-09-12,CH,47661,27,retired,81069.0,Business,66,99.24,6549.84,1,EU-WEST,unlimited,1
CUS100454,2023-04-17,DE,36945,62,unemployed,29382.0,Basic,4,30.5,122.0,1,EU-WEST,unlimited,1
CUS100511,2019-07-18,DE,79184,52,employed,31073.0,Basic,33,15.83,522.39,0,EU-WEST,unlimited,1
CUS100147,2024-09-25,NL,25947,76,student,34228.0,Standard,48,47.44,2277.12,3,EU-WEST,unlimited,0
CUS100251,2022-05-28,DE,99399,32,employed,63683.0,Basic,17,31.1,528.7,3,EU-WEST,unlimited,1
CUS100212,2020-06-10,DE,95382,22,self-employed,43251.0,Basic,5,29.03,145.15,0,EU-WEST,unlimited,1
CUS100520,2024-11-03,DE,51754,64,employed,47336.0,Premium,12,78.93,947.16,3,EU-WEST,unlimited,1
CUS100480,2022-09-25,DE,28141,38,student,29163.0,Business,65,88.46,5749.9,2,EU-WEST,unlimited,1
CUS100276,2019-04-22,CH,62420,37,employed,,Business,69,93.84,6474.96,0,EU-WEST,unlimited,0
CUS100348,2019-02-12,DE,38964,68,employed,24773.0,Basic,53,23.52,1246.56,2,EU-WEST,unlimited,0
CUS100607,2023-06-10,CH,16449,56,student,21533.0,Business,55,102.97,5663.35,0,EU-CENTRAL,unlimited,0
CUS100377,2023-03-04,DE,59807,23,student,29285.0,Standard,19,49.87,947.53,3,EU-WEST,unlimited,0
CUS100012,2019-07-13,DE,18203,21,unemployed,,Premium,66,80.53,5314.98,1,EU-WEST,unlimited,0
CUS100303,2024-07-27,DE,79513,73,retired,,Standard,59,37.91,2236.69,0,EU-WEST,unlimited,0
CUS100476,2021-10-02,CH,64298,53,self-employed,39295.0,Business,12,96.59,1159.08,4,EU-WEST,unlimited,1
CUS100616,2024-10-05,NL,79840,65,employed,100197.0,Premium,35,76.49,2677.15,1,EU-WEST,unlimited,0
CUS100427,2021-05-26,NA,33598,35,employed,14514.0,Premium,46,80.95,3723.7,2,EU-WEST,unlimited,0
CUS100324,2022-06-26,NL,45009,35,unemployed,,Premium,59,72.22,4260.98,0,EU-WEST,unlimited,0
CUS100260,2023-03-04,NA,27096,-1,employed,47621.0,Premium,23,68.62,1578.26,1,EU-WEST,unlimited,1
CUS100541,2024-01-29,CH,46051,52,student,17509.0,Basic,45,16.73,752.85,2,EU-WEST,unlimited,0
CUS100054,2021-09-09,BE,88001,65,student,42330.0,Standard,59,45.04,2657.36,1,EU-WEST,unlimited,1
CUS100560,2024-10-06,DE,85332,54,employed,18785.0,Basic,62,28.6,1773.2,2,EU-WEST,unlimited,0
CUS100150,2021-05-22,FR,56942,22,unemployed,22026.0,Standard,61,46.74,2851.14,2,EU-WEST,unlimited,0
CUS100382,2024-01-14,NL,39845,71,employed,134075.0,Standard,70,51.68,3617.6,4,EU-WEST,unlimited,0
CUS100563,2023-06-19,DE,23678,71,employed,49455.0,Business,27,102.25,2760.75,4,EU-WEST,unlimited,0
CUS100400,2021-07-11,FR,50281,44,student,45058.0,Premium,47,79.82,3751.54,1,EU-WEST,unlimited,0
CUS100106,2024-10-08,DE,81225,77,employed,49256.0,Premium,48,78.75,3780.0,2,EU-WEST,unlimited,0
CUS100231,2020-09-29,AT,25094,41,employed,,Premium,55,84.65,4655.75,2,EU-WEST,unlimited,0
CUS100237,2022-09-02,DE,14388,77,retired,56939.0,Standard,31,36.49,1131.19,1,EU-WEST,unlimited,1
CUS100453,2019-02-03,DE,34606,70,self-employed,11870.0,Basic,48,17.74,851.52,1,EU-WEST,unlimited,1
CUS100024,2022-07-22,DE,28013,50,student,29038.0,Business,52,94.79,4929.08,0,EU-WEST,unlimited,0
CUS100299,2021-02-15,AT,68145,76,retired,81133.0,Basic,69,38.45,2653.05,2,EU-WEST,unlimited,0
CUS100586,2022-06-27,DE,05524,45,self-employed,,Premium,33,76.22,?,1,EU-WEST,unlimited,0
CUS100326,2022-09-26,DE,25836,31,employed,36361.0,Basic,43,31.37,1348.91,4,EU-WEST,unlimited,0
CUS100615,2020-10-15,DE,64724,43,employed,40881.0,Basic,31,25.45,788.95,2,EU-WEST,unlimited,0
CUS100512,2022-06-04,DE,86598,70,unemployed,28717.0,Premium,43,83.64,3596.52,0,EU-WEST,unlimited,0
CUS100082,2023-11-16,DE,56522,42,employed,36882.0,Premium,70,67.85,4749.5,1,EU-WEST,unlimited,0
CUS100532,2024-12-01,AT,70350,54,employed,61841.0,Standard,54,50.16,2708.64,2,EU-WEST,unlimited,0
CUS100357,2021-01-09,NL,67108,63,self-employed,66648.0,Business,53,89.99,4769.47,2,EU-CENTRAL,unlimited,0
CUS100570,2021-11-19,NA,73595,63,self-employed,,Business,59,92.58,5462.22,4,EU-WEST,unlimited,0
CUS100470,2019-08-29,AT,90376,64,employed,34067.0,Premium,25,74.76,1869.0,2,EU-WEST,unlimited,0
CUS100101,2021-02-07,DE,35253,36,retired,52612.0,Standard,27,38.31,1034.37,3,EU-WEST,unlimited,0
CUS100076,2020-10-24,DE,64689,26,employed,85221.0,Business,45,96.45,4340.25,2,EU-WEST,unlimited,1
CUS100291,2021-08-04,NL,76139,27,employed,33140.0,Premium,67,84.05,unknown,2,EU-WEST,unlimited,0
CUS100282,2024-12-25,DE,84319,77,student,22620.0,Business,42,100.07,4202.94,2,EU-WEST,unlimited,1
CUS100589,2021-08-21,NL,54616,54,employed,39794.0,Basic,52,19.5,1014.0,0,EU-WEST,unlimited,0
CUS100389,2022-07-16,NA,29908,20,employed,28790.0,Basic,12,24.69,296.28,1,EU-WEST,unlimited,1
CUS100112,2024-04-13,NL,41075,40,employed,38037.0,Basic,28,21.08,590.24,2,EU-WEST,unlimited,0
CUS100596,2019-08-05,FR,31745,61,employed,43115.0,Basic,7,23.64,165.48,1,EU-WEST,unlimited,0
CUS100597,2019-10-05,AT,22480,61,student,54006.0,Business,56,98.84,5535.04,2,EU-WEST,unlimited,1
CUS100246,2024-10-13,DE,41987,51,employed,25584.0,Business,69,88.7,6120.3,1,EU-WEST,unlimited,0
CUS100145,2023-03-02,FR,33942,36,retired,61202.0,Standard,63,43.47,2738.61,1,EU-WEST,unlimited,0
CUS100283,2022-10-09,DE,12385,20,retired,68382.0,Standard,42,44.55,1871.1,3,EU-WEST,unlimited,0
CUS100409,2024-11-02,NL,58476,45,student,,Standard,42,43.02,1806.84,1,EU-WEST,unlimited,0
CUS100598,2021-08-26,DE,36219,35,self-employed,,Basic,44,29.46,1296.24,3,EU-WEST,unlimited,0
CUS100110,2023-08-09,FR,80591,62,employed,28420.0,Standard,17,55.07,936.19,0,EU-WEST,unlimited,1
CUS100613,2019-07-08,FR,90766,54,employed,43346.0,Basic,28,39.93,1118.04,3,EU-WEST,unlimited,1
CUS100090,2020-08-12,CH,02836,72,self-employed,,Basic,4,33.05,132.2,4,EU-WEST,unlimited,1
CUS100205,2020-12-16,DE,54713,63,employed,69422.0,Standard,31,46.67,1446.77,1,EU-WEST,unlimited,0
CUS100170,2024-04-10,BE,23744,55,retired,65994.0,Basic,70,27.97,1957.9,2,EU-WEST,unlimited,1
CUS100109,2021-09-09,CH,80402,19,employed,,Basic,24,25.8,619.2,3,EU-WEST,unlimited,1
CUS100232,2024-12-06,DE,42694,76,unemployed,27692.0,Standard,54,49.93,2696.22,1,EU-WEST,unlimited,0
CUS100056,2024-05-16,DE,38007,40,employed,39657.0,Standard,60,42.06,2523.6,3,EU-WEST,unlimited,0
CUS100241,2022-03-31,DE,88179,62,student,24868.0,Standard,2,45.45,90.9,1,EU-WEST,unlimited,1
CUS100087,2022-08-08,AT,67517,49,employed,31894.0,Basic,61,28.9,1762.9,0,EU-WEST,unlimited,0
CUS100346,2023-06-13,AT,20825,62,employed,55084.0,Standard,7,50.91,356.37,1,EU-WEST,unlimited,1
CUS100097,2019-10-16,DE,88809,39,employed,41454.0,Premium,37,84.47,3125.39,0,EU-WEST,unlimited,0
CUS100550,2021-03-29,BE,30944,73,employed,35048.0,Standard,23,45.36,1043.28,2,EU-WEST,unlimited,1
CUS100116,2022-10-10,DE,05677,151,employed,30731.0,Standard,42,50.29,2112.18,0,EU-WEST,unlimited,0
CUS100201,2019-10-26,DE,40867,50,employed,55366.0,Premium,70,82.67,5786.9,4,EU-WEST,unlimited,0
CUS100559,2020-11-01,DE,41617,29,student,24970.0,Basic,60,34.35,2061.0,1,EU-WEST,unlimited,0
CUS100323,2023-06-09,DE,86583,39,employed,42281.0,Basic,66,27.16,1792.56,1,EU-WEST,unlimited,0
CUS100193,2023-03-02,AT,07415,64,self-employed,104185.0,Standard,2,52.38,104.76,1,EU-WEST,unlimited,0
CUS100236,2024-05-01,DE,85515,36,employed,165489.0,Basic,61,16.7,1018.7,2,EU-WEST,unlimited,0
CUS100213,2024-03-02,CH,14772,48,employed,29446.0,Standard,43,41.03,1764.29,0,EU-WEST,unlimited,0
CUS100510,2020-02-20,DE,52954,68,employed,23293.0,Basic,62,27.54,1707.48,0,EU-WEST,unlimited,0
CUS100451,2019-02-12,DE,33150,75,employed,30388.0,Standard,7,45.19,316.33,1,EU-WEST,unlimited,0
CUS100497,2023-10-21,FR,80425,24,employed,77541.0,Basic,60,18.3,1098.0,2,EU-WEST,unlimited,0
CUS100538,2022-03-22,DE,73566,73,self-employed,21210.0,Premium,55,89.13,4902.15,2,EU-WEST,unlimited,0
CUS100518,2019-04-07,NL,85819,58,retired,20654.0,Basic,64,10.78,689.92,1,EU-WEST,unlimited,0
CUS100513,2022-08-18,DE,17479,51,employed,55667.0,Standard,6,52.94,317.64,1,EU-WEST,unlimited,0
CUS100518,2019-04-07,NL,85819,58,retired,20654.0,Basic,64,20.78,689.92,3,EU-WEST,unlimited,0
CUS100296,2020-06-02,CH,07851,55,unemployed,,Basic,12,36.38,unknown,2,EU-WEST,unlimited,0
CUS100225,2019-04-21,NL,67347,59,employed,37874.0,Basic,11,18.86,207.46,1,EU-WEST,unlimited,1
CUS100565,2023-02-20,AT,41326,28,student,62890.0,Basic,5,19.4,97.0,1,EU-WEST,unlimited,0
CUS100390,2019-09-10,DE,11665,26,student,59741.0,Standard,9,41.6,374.4,1,EU-WEST,unlimited,0
CUS100089,2023-02-14,CH,96392,32,employed,100129.0,Standard,47,43.62,2050.14,3,EU-WEST,unlimited,0
CUS100358,2022-09-21,DE,42101,64,retired,32499.0,Basic,61,27.12,1654.32,2,EU-WEST,unlimited,0
CUS100517,2023-06-29,NA,28890,65,unemployed,38586.0,Basic,42,21.07,884.94,5,EU-WEST,unlimited,1
CUS100395,2021-12-15,DE,20977,71,unemployed,38954.0,Basic,23,27.7,637.1,2,EU-WEST,unlimited,0
CUS100515,2023-04-08,DE,12861,71,unemployed,40414.0,Premium,55,69.87,3842.85,3,EU-WEST,unlimited,0
CUS100617,2019-03-17,DE,16329,39,student,14663.0,Standard,3,47.1,141.3,0,EU-WEST,unlimited,0
CUS100547,2020-08-30,CH,31430,42,student,45620.0,Business,64,93.84,6005.76,0,EU-WEST,unlimited,0
CUS100019,2020-12-12,DE,07216,48,student,,Basic,34,24.31,826.54,1,EU-WEST,unlimited,1
CUS100014,2020-10-02,CH,87890,70,employed,54703.0,Business,36,100.56,3620.16,2,EU-WEST,unlimited,0
CUS100252,2021-01-09,DE,93680,75,employed,64215.0,Standard,14,45.84,641.76,2,EU-WEST,unlimited,0
CUS100468,2024-07-03,CH,15614,24,employed,62838.0,Business,10,106.98,1069.8,1,EU-WEST,unlimited,1
CUS100328,2019-04-24,DE,38356,36,student,40877.0,Standard,54,54.36,2935.44,0,EU-WEST,unlimited,0
CUS100120,2021-08-26,CH,92631,28,employed,42434.0,Premium,32,74.95,2398.4,1,EU-WEST,unlimited,0
CUS100332,2023-09-12,DE,75270,20,employed,74608.0,Standard,13,46.86,609.18,2,EU-WEST,unlimited,0
CUS100285,2021-07-09,FR,16193,73,student,42576.0,Standard,31,56.07,1738.17,3,EU-WEST,unlimited,0
CUS100333,2023-03-04,AT,98395,68,student,78761.0,Premium,43,84.74,3643.82,1,EU-WEST,unlimited,1
CUS100042,2021-05-28,AT,07176,29,unemployed,40380.0,Basic,61,25.72,1568.92,0,EU-WEST,unlimited,0
CUS100196,2020-05-25,CH,07890,75,retired,57683.0,Standard,58,53.64,3111.12,2,EU-WEST,unlimited,0
CUS100345,2023-01-27,AT,95801,41,employed,57348.0,Business,46,95.36,4386.56,0,EU-WEST,unlimited,1
CUS100033,2021-02-19,DE,29725,29,employed,47683.0,Standard,72,44.35,3193.2,2,EU-WEST,unlimited,0
CUS100250,2020-07-06,DE,10756,34,employed,41229.0,Standard,17,40.36,686.12,2,EU-WEST,unlimited,0
CUS100227,2019-06-02,CH,02084,38,retired,61746.0,Basic,68,35.35,2403.8,2,EU-WEST,unlimited,1
CUS100572,2021-04-28,CH,66061,60,employed,39731.0,Basic,21,17.49,367.29,1,EU-WEST,unlimited,0
CUS100521,2020-10-07,CH,15098,68,employed,39822.0,Standard,6,42.14,252.84,1,EU-WEST,unlimited,0
CUS100412,2022-04-07,DE,18336,42,employed,46829.0,Business,18,103.53,1863.54,1,EU-WEST,unlimited,1
CUS100430,2020-12-04,NL,89306,71,employed,54534.0,Standard,22,38.76,852.72,0,EU-WEST,unlimited,0
CUS900007,2019-07-08,FR,90766,54,employed,43346.0,Basic,28,39.93,1118.04,3,EU-WEST,unlimited,1
CUS100482,2020-12-28,NL,10188,23,retired,29229.0,Business,12,93.81,1125.72,5,EU-WEST,unlimited,1
CUS100455,2022-10-28,DE,06155,72,employed,54692.0,Premium,46,73.9,3399.4,2,EU-WEST,unlimited,0
CUS100290,2021-01-23,DE,14546,39,student,51679.0,Business,52,93.27,4850.04,2,EU-WEST,unlimited,0
CUS100310,2022-01-18,DE,96417,52,employed,47113.0,Basic,67,19.13,1281.71,2,EU-WEST,unlimited,0
CUS100016,2023-12-31,DE,19257,54,employed,41904.0,Basic,10,13.64,136.4,3,EU-WEST,unlimited,0
CUS100158,2021-12-04,DE,43865,44,employed,88976.0,Standard,21,54.14,1136.94,3,EU-WEST,unlimited,0
CUS100243,2021-09-27,DE,10671,36,unemployed,24556.0,Basic,46,29.79,1370.34,0,EU-WEST,unlimited,0
CUS100066,2024-10-21,DE,45328,32,student,51317.0,Basic,7,27.31,191.17,1,EU-WEST,unlimited,1
CUS100146,2021-05-16,BE,71300,23,employed,28718.0,Standard,7,43.63,305.41,1,EU-WEST,unlimited,1
CUS100421,2024-04-30,DE,87761,42,employed,78025.0,Standard,25,40.52,1013.0,3,EU-WEST,unlimited,0
CUS100359,2024-08-08,DE,03664,32,employed,28994.0,Standard,9,49.03,441.27,1,EU-WEST,unlimited,1
CUS100602,2023-08-07,DE,50549,36,student,37658.0,Premium,15,79.41,1191.15,0,EU-WEST,unlimited,1
CUS100119,2019-04-13,AT,09978,32,self-employed,34922.0,Standard,43,51.82,2228.26,3,EU-WEST,unlimited,0
CUS100140,2024-06-27,NL,97212,33,employed,58006.0,Standard,1,43.54,43.54,0,EU-WEST,unlimited,0
CUS100065,2020-02-26,DE,75965,29,retired,19813.0,Business,1,93.04,93.04,2,EU-WEST,unlimited,1
CUS100238,2022-07-19,DE,14190,20,self-employed,55564.0,Standard,62,50.89,3155.18,2,EU-WEST,unlimited,0
CUS100009,2024-06-25,AT,81299,69,employed,29666.0,Premium,22,75.8,1667.6,2,EU-WEST,unlimited,0
CUS100442,2024-08-14,DE,91104,76,employed,32584.0,Standard,36,38.45,1384.2,1,EU-WEST,unlimited,0
CUS100552,2020-10-17,DE,28765,34,employed,23042.0,Premium,33,78.66,2595.78,0,EU-WEST,unlimited,1
CUS100018,2021-03-01,FR,55781,26,self-employed,,Basic,9,27.27,245.43,1,EU-WEST,unlimited,0
CUS100408,2019-04-10,DE,98026,35,employed,33407.0,Premium,55,88.9,4889.5,2,EU-WEST,unlimited,0
CUS100462,2023-08-30,DE,67998,70,self-employed,36326.0,Basic,7,35.48,248.36,1,EU-WEST,unlimited,0
CUS100153,2021-10-21,CH,50098,25,self-employed,27767.0,Basic,69,21.56,1487.64,0,EU-WEST,unlimited,1
CUS100551,2022-10-14,DE,16602,70,employed,27652.0,Standard,52,34.61,1799.72,1,EU-WEST,unlimited,0
CUS100432,2023-04-25,BE,26535,77,student,25834.0,Premium,48,78.6,3772.8,3,EU-WEST,unlimited,0
CUS100431,2022-11-09,DE,08821,64,employed,27617.0,Business,23,100.18,2304.14,1,EU-WEST,unlimited,1
CUS100477,2022-03-23,DE,19561,40,employed,28314.0,Basic,41,12.44,510.04,4,EU-WEST,unlimited,0
CUS100327,2024-04-12,DE,57251,65,employed,25363.0,Standard,9,51.2,460.8,0,EU-WEST,unlimited,1
CUS100256,2023-09-27,DE,68447,46,employed,112124.0,Basic,8,26.78,214.24,0,EU-WEST,unlimited,1
CUS100311,2022-04-29,CH,35568,57,employed,51446.0,Basic,70,28.41,1988.7,1,EU-WEST,unlimited,1
CUS100587,2020-03-30,NA,01964,30,retired,112739.0,Standard,47,45.47,2137.09,3,EU-WEST,unlimited,0
CUS100304,2021-12-12,DE,44020,75,employed,40943.0,Basic,49,31.77,1556.73,2,EU-WEST,unlimited,0
CUS100272,2019-09-14,DE,40245,32,employed,25673.0,Basic,15,23.16,347.4,0,EU-WEST,unlimited,0
CUS100330,2021-08-12,FR,47426,75,student,,Basic,66,18.49,1220.34,2,EU-WEST,unlimited,0
CUS100413,2021-03-20,DE,77960,74,self-employed,,Basic,58,18.33,1063.14,1,EU-WEST,unlimited,0
CUS100133,2019-10-04,DE,51407,52,student,44780.0,Business,29,97.28,2821.12,2,EU-WEST,unlimited,0
CUS100031,2021-08-03,FR,67090,35,self-employed,,Basic,40,17.28,691.2,0,EU-WEST,unlimited,0
CUS100253,2019-03-15,FR,94114,25,self-employed,,Basic,15,18.38,275.7,2,EU-WEST,unlimited,0
CUS100270,2023-07-21,FR,87940,52,employed,27411.0,Business,16,102.15,1634.4,1,EU-WEST,unlimited,1
CUS100458,2020-01-08,AT,55833,54,student,12522.0,Premium,50,82.88,4144.0,2,EU-WEST,unlimited,0
CUS100161,2022-11-24,DE,96185,41,self-employed,52814.0,Standard,14,49.7,695.8,2,EU-WEST,unlimited,0
CUS100339,2020-09-25,AT,79375,71,employed,52612.0,Business,70,98.39,6887.3,0,EU-WEST,unlimited,1
CUS100286,2019-01-15,DE,94789,70,retired,47615.0,Basic,69,19.84,1368.96,3,EU-WEST,unlimited,0
CUS100248,2023-03-11,BE,85297,39,employed,21749.0,Basic,7,33.25,?,2,EU-WEST,unlimited,0
CUS100437,2022-03-14,DE,82017,28,self-employed,47164.0,Basic,10,28.57,?,2,EU-WEST,unlimited,1
CUS100524,2023-11-22,DE,51144,57,employed,52477.0,Basic,66,20.48,1351.68,2,EU-WEST,unlimited,0
CUS100527,2019-02-26,DE,56986,28,employed,61986.0,Premium,10,73.43,734.3,0,EU-WEST,unlimited,0
CUS100341,2022-03-14,DE,39621,21,unemployed,,Basic,34,26.36,896.24,0,EU-WEST,unlimited,1
CUS100336,2019-10-28,DE,39386,72,student,42292.0,Premium,28,83.08,2326.24,0,EU-WEST,unlimited,0
CUS100151,2022-05-17,DE,42493,50,employed,47221.0,Premium,61,78.87,4811.07,0,EU-WEST,unlimited,1
CUS100001,2020-12-02,DE,65088,36,employed,65329.0,Standard,46,41.21,1895.66,1,EU-WEST,unlimited,1
CUS100224,2019-04-17,AT,53229,24,employed,31782.0,Premium,72,76.34,5496.48,0,EU-WEST,unlimited,0
CUS100207,2020-02-09,DE,82413,39,employed,21451.0,Premium,38,77.38,2940.44,1,EU-WEST,unlimited,0
CUS100429,2021-04-13,AT,49174,20,employed,17081.0,Basic,58,24.12,1398.96,2,EU-WEST,unlimited,0
CUS100117,2024-09-05,DE,01122,54,student,67705.0,Standard,71,39.97,2837.87,0,EU-WEST,unlimited,0
CUS100588,2019-06-25,DE,92536,39,employed,40563.0,Standard,10,45.17,451.7,2,EU-WEST,unlimited,1
CUS100388,2022-01-09,DE,64858,68,student,28891.0,Standard,8,41.98,335.84,0,EU-WEST,unlimited,0
CUS100219,2019-04-20,DE,53112,52,employed,50375.0,Basic,38,19.45,739.1,3,EU-WEST,unlimited,0
CUS100022,2021-11-10,DE,42178,35,student,48448.0,Premium,25,79.0,1975.0,0,EU-WEST,unlimited,1
CUS100264,2020-07-20,DE,05008,36,employed,41521.0,Premium,72,84.18,6060.96,0,EU-WEST,unlimited,0
CUS100274,2020-06-01,DE,63548,19,retired,30850.0,Basic,12,17.05,204.6,1,EU-WEST,unlimited,0
CUS100407,2021-09-10,FR,65351,77,student,56565.0,Standard,14,38.99,545.86,4,EU-WEST,unlimited,0
CUS100070,2019-01-19,NL,43839,37,retired,14601.0,Basic,64,38.13,2440.32,3,EU-WEST,unlimited,1
CUS100128,2021-09-08,DE,31361,41,self-employed,,Standard,41,41.62,1706.42,2,EU-WEST,unlimited,0
CUS100444,2020-10-07,DE,17056,68,student,39030.0,Basic,43,34.28,1474.04,1,EU-WEST,unlimited,0
CUS100533,2023-09-02,DE,59620,66,employed,49503.0,Basic,66,29.82,1968.12,0,EU-WEST,unlimited,0
CUS100098,2022-11-27,FR,09695,68,retired,66513.0,Basic,45,11.41,513.45,2,EU-WEST,unlimited,0
CUS100546,2021-01-17,DE,79884,54,employed,35878.0,Standard,14,45.03,630.42,2,EU-WEST,unlimited,1
CUS100021,2019-10-08,DE,42296,40,employed,48942.0,Standard,22,37.72,829.84,0,EU-WEST,unlimited,0
CUS100414,2020-04-02,AT,61541,28,employed,34621.0,Basic,34,22.92,779.28,2,EU-WEST,unlimited,0
CUS100149,2019-09-13,AT,30748,25,unemployed,,Standard,10,39.41,394.1,4,EU-WEST,unlimited,1
CUS100354,2021-03-15,FR,59868,45,retired,35422.0,Standard,51,57.93,2954.43,2,EU-WEST,unlimited,1
CUS100601,2023-01-24,AT,85552,22,self-employed,,Premium,47,74.66,3509.02,4,EU-WEST,unlimited,0
CUS100052,2024-09-01,DE,53321,57,unemployed,47531.0,Basic,70,21.43,1500.1,0,EU-WEST,unlimited,0
CUS100198,2021-05-16,DE,37934,33,student,20566.0,Basic,66,25.52,1684.32,1,EU-WEST,unlimited,1
CUS100122,2022-02-18,DE,03384,43,self-employed,32901.0,Standard,33,38.72,1277.76,1,EU-WEST,unlimited,1
CUS100203,2020-11-03,DE,22172,24,self-employed,,Premium,48,81.9,3931.2,2,EU-WEST,unlimited,0
CUS100067,2023-10-05,NL,87484,64,employed,33542.0,Standard,14,52.52,735.28,1,EU-WEST,unlimited,0
CUS100223,2024-09-27,AT,76878,75,unemployed,107392.0,Premium,66,73.76,4868.16,1,EU-WEST,unlimited,0
CUS100127,2019-03-04,DE,99701,48,employed,82843.0,Standard,11,41.82,460.02,2,EU-WEST,unlimited,0
CUS100139,2024-05-03,DE,77494,74,student,62972.0,Premium,16,77.59,1241.44,1,EU-WEST,unlimited,1
CUS100417,2022-04-20,DE,89946,36,employed,,Business,62,95.39,5914.18,2,EU-WEST,unlimited,0
CUS100218,2019-11-24,FR,52957,50,employed,64316.0,Basic,66,29.85,1970.1,0,EU-WEST,unlimited,0
CUS100157,2020-09-25,DE,73720,64,employed,24343.0,Premium,42,71.65,3009.3,1,EU-WEST,unlimited,0
CUS100094,2019-02-01,DE,61417,53,retired,21827.0,Basic,18,612.4,407.34,0,EU-WEST,unlimited,0
CUS100255,2024-02-04,DE,47280,62,student,20989.0,Premium,27,73.47,1983.69,3,EU-WEST,unlimited,0
CUS100039,2022-12-13,DE,41066,35,self-employed,61080.0,Standard,72,38.11,2743.92,4,EU-WEST,unlimited,0
CUS100130,2022-03-19,DE,85002,56,student,59731.0,Standard,26,48.94,1272.44,0,EU-WEST,unlimited,0
CUS900006,2022-03-28,DE,44851,59,unemployed,,Standard,35,47.04,1646.4,3,EU-WEST,unlimited,0
CUS100189,2019-06-28,FR,97121,23,employed,23377.0,Basic,24,31.2,748.8,0,EU-WEST,unlimited,1
CUS100402,2023-01-02,DE,92558,68,employed,16257.0,Standard,32,53.46,1710.72,1,EU-WEST,unlimited,1
CUS100038,2022-09-13,NA,45281,58,employed,30828.0,Basic,25,34.49,862.25,0,EU-WEST,unlimited,0
CUS100242,2020-12-09,DE,05455,43,employed,31582.0,Basic,63,21.16,1333.08,3,EU-WEST,unlimited,0
CUS100353,2020-01-20,FR,66770,20,employed,44276.0,Basic,56,23.1,1293.6,2,EU-WEST,unlimited,0
CUS100534,2022-10-25,DE,70133,31,unemployed,,Basic,53,28.17,1493.01,2,EU-WEST,unlimited,0
CUS100503,2024-07-23,DE,29478,45,retired,36160.0,Standard,39,50.86,1983.54,1,EU-WEST,unlimited,0
CUS100159,2019-07-10,DE,82852,22,employed,20298.0,Premium,11,83.06,913.66,1,EU-WEST,unlimited,0
CUS100394,2021-11-11,NA,84092,63,self-employed,,Standard,33,52.97,1748.01,1,EU-WEST,unlimited,0
CUS100537,2024-01-18,DE,77954,31,employed,44963.0,Basic,23,24.88,572.24,3,EU-WEST,unlimited,1
CUS100240,2020-04-08,FR,85271,68,employed,30051.0,Standard,70,58.68,4107.6,0,EU-WEST,unlimited,0
CUS100013,2020-07-10,DE,52631,60,unemployed,18883.0,Premium,1,67.67,67.67,1,EU-WEST,unlimited,0
CUS100475,2021-11-25,CH,47312,73,retired,20292.0,Basic,16,41.22,659.52,4,EU-WEST,unlimited,1
CUS100556,2023-01-29,AT,27625,53,unemployed,,Basic,6,16.69,100.14,0,EU-WEST,unlimited,0
CUS100314,2020-07-31,DE,10885,49,employed,25505.0,Premium,45,75.58,3401.1,3,EU-WEST,unlimited,0
CUS100361,2021-09-30,DE,40933,34,employed,62630.0,Basic,66,20.82,1374.12,1,EU-WEST,unlimited,0
CUS100320,2019-03-14,DE,72762,56,retired,22934.0,Standard,34,41.1,1397.4,4,EU-WEST,unlimited,1
CUS100355,2020-11-21,DE,07087,29,retired,19626.0,Basic,59,26.24,1548.16,1,EU-WEST,unlimited,1
CUS100034,2023-09-11,DE,03180,62,employed,17151.0,Basic,59,9.07,535.13,2,EU-WEST,unlimited,0
CUS100334,2024-05-30,DE,74448,63,unemployed,27717.0,Standard,33,45.07,1487.31,1,EU-WEST,unlimited,0
CUS100376,2023-09-21,NL,36436,75,employed,,Premium,19,74.87,1422.53,1,EU-WEST,unlimited,1
CUS100184,2022-04-21,DE,84334,70,student,21195.0,Premium,41,65.78,?,1,EU-WEST,unlimited,0
CUS100423,2022-06-30,CH,86543,46,self-employed,38577.0,Basic,23,34.1,784.3,3,EU-WEST,unlimited,1
CUS100325,2021-01-10,BE,85015,60,employed,50223.0,Standard,61,45.39,2768.79,4,EU-WEST,unlimited,0
CUS100187,2021-05-24,DE,28302,61,self-employed,45607.0,Basic,40,20.3,812.0,3,EU-WEST,unlimited,1
CUS100284,2021-08-19,DE,54726,56,unemployed,28031.0,Basic,60,15.78,946.8,0,EU-WEST,unlimited,0
CUS100391,2023-03-16,DE,32118,36,employed,33125.0,Premium,49,77.29,3787.21,4,EU-WEST,unlimited,0
CUS100612,2019-01-16,DE,20307,32,employed,44926.0,Standard,11,51.4,565.4,1,EU-WEST,unlimited,0
CUS100165,2021-07-19,NL,26414,69,self-employed,42761.0,Premium,40,588.15,3021.6,1,EU-WEST,unlimited,0
CUS100347,2020-05-15,DE,17244,33,employed,65663.0,Basic,14,24.46,342.44,1,EU-WEST,unlimited,0
CUS100298,2022-03-09,DE,43765,49,unemployed,,Business,39,96.66,3769.74,2,EU-WEST,unlimited,0
CUS100535,2021-08-30,FR,14820,66,employed,23675.0,Standard,20,47.91,958.2,0,EU-WEST,unlimited,1
CUS100229,2022-02-13,AT,43743,69,employed,19382.0,Standard,1,34.64,34.64,3,EU-WEST,unlimited,0
CUS100041,2020-12-11,DE,36647,33,retired,40443.0,Basic,16,33.89,542.24,0,EU-WEST,unlimited,1
CUS100543,2023-09-26,DE,29441,58,student,19512.0,Basic,14,28.11,393.54,1,EU-WEST,unlimited,0
CUS100446,2021-01-10,CH,51603,59,self-employed,,Basic,28,20.57,575.96,0,EU-WEST,unlimited,0
CUS100447,2023-09-15,DE,08298,30,retired,31920.0,Basic,46,17.92,824.32,3,EU-WEST,unlimited,1
CUS100349,2024-01-20,FR,65288,29,employed,65292.0,Basic,5,37.19,185.95,2,EU-WEST,unlimited,1
CUS100045,2023-12-14,DE,87501,38,retired,66508.0,Basic,45,19.56,880.2,3,EU-WEST,unlimited,0
CUS100108,2024-04-05,DE,77093,37,unemployed,21963.0,Premium,44,73.51,3234.44,1,EU-WEST,unlimited,0
CUS100029,2019-06-17,DE,84627,64,employed,20883.0,Basic,37,19.41,718.17,4,EU-WEST,unlimited,1
CUS100181,2022-11-11,AT,54778,58,employed,40770.0,Basic,3,20.25,60.75,4,EU-WEST,unlimited,0
CUS100419,2023-04-19,DE,58935,57,self-employed,,Basic,4,20.89,83.56,3,EU-WEST,unlimited,1
CUS100104,2023-05-31,DE,62420,52,employed,26260.0,Standard,8,46.86,374.88,0,EU-WEST,unlimited,0
CUS100060,2024-01-17,DE,49290,19,self-employed,23695.0,Basic,20,20.88,417.6,2,EU-WEST,unlimited,0
CUS100083,2019-02-12,CH,14120,72,employed,66001.0,Premium,64,75.81,4851.84,4,EU-WEST,unlimited,0
CUS100490,2019-08-26,NL,94618,23,employed,61206.0,Business,43,91.28,3925.04,0,EU-WEST,unlimited,0
CUS100315,2019-06-25,AT,56099,55,student,15220.0,Basic,29,23.36,?,4,EU-WEST,unlimited,0
CUS100450,2023-10-19,DE,10069,55,self-employed,18705.0,Standard,58,35.5,2059.0,1,EU-WEST,unlimited,0
CUS100381,2024-01-08,AT,94123,41,self-employed,30070.0,Basic,14,24.99,349.86,4,EU-WEST,unlimited,1
CUS100422,2019-08-03,DE,95336,35,employed,63628.0,Business,61,99.17,6049.37,2,EU-WEST,unlimited,0
CUS100496,2020-08-21,NA,05047,19,employed,39637.0,Business,49,97.44,4774.56,0,EU-WEST,unlimited,0
CUS100604,2019-10-17,DE,59637,68,employed,23680.0,Basic,63,29.58,1863.54,0,EU-WEST,unlimited,1
CUS100523,2019-09-13,DE,73449,51,employed,50893.0,Standard,55,45.83,2520.65,1,EU-WEST,unlimited,0
CUS100445,2024-07-04,DE,73483,46,unemployed,,Basic,42,33.51,1407.42,0,EU-WEST,unlimited,1
CUS100000,2024-05-30,DE,38835,68,employed,84858.0,Standard,69,40.85,2818.65,2,EU-WEST,unlimited,0
CUS100362,2024-07-22,AT,80195,54,self-employed,62571.0,Basic,50,28.62,1431.0,0,EU-WEST,unlimited,0
CUS100457,2021-01-02,DE,10658,43,employed,129206.0,Standard,60,48.77,2926.2,2,EU-WEST,unlimited,0
CUS100488,2024-02-19,AT,99555,38,employed,23894.0,Premium,43,75.0,3225.0,0,EU-WEST,unlimited,1
CUS100088,2020-07-15,CH,80472,66,employed,17947.0,Business,51,88.5,4513.5,0,EU-WEST,unlimited,0
CUS100483,2024-10-23,DE,94767,45,employed,62428.0,Standard,19,47.05,893.95,2,EU-WEST,unlimited,0
CUS100460,2019-04-17,DE,53770,40,student,80887.0,Business,27,96.26,2599.02,3,EU-WEST,unlimited,1
CUS100077,2023-11-13,DE,90473,70,employed,16999.0,Premium,60,76.98,4618.8,2,EU-WEST,unlimited,0
CUS100268,2020-07-15,CH,61637,51,employed,,Premium,7,71.61,501.27,1,EU-WEST,unlimited,0
CUS100123,2020-06-07,DE,37379,60,employed,37339.0,Standard,46,39.98,1839.08,3,EU-WEST,unlimited,0
CUS100297,2020-11-24,DE,05395,29,employed,24121.0,Standard,38,46.9,1782.2,1,EU-WEST,unlimited,1
CUS100095,2022-08-06,NA,75132,47,employed,32053.0,Business,39,94.17,3672.63,0,EU-WEST,unlimited,0
CUS100011,2023-08-15,DE,08355,60,employed,41381.0,Basic,63,28.37,1787.31,1,EU-WEST,unlimited,0
CUS100114,2019-03-16,DE,23505,25,self-employed,60869.0,Basic,29,19.37,561.73,0,EU-WEST,unlimited,0
CUS100428,2020-05-25,AT,99239,40,employed,69506.0,Standard,10,39.29,392.9,2,EU-WEST,unlimited,0
CUS100257,2024-10-31,CH,70494,32,employed,68729.0,Standard,13,45.66,593.58,0,EU-WEST,unlimited,0
CUS100352,2020-07-18,DE,46804,62,employed,22886.0,Basic,1,20.72,20.72,2,EU-WEST,unlimited,1
CUS100531,2020-06-05,FR,98473,60,self-employed,,Standard,6,55.01,?,1,EU-WEST,unlimited,1
CUS100169,2021-02-05,DE,44411,-1,employed,,Basic,64,12.19,780.16,0,EU-WEST,unlimited,1
CUS100239,2020-02-18,AT,95182,22,employed,26821.0,Basic,59,20.97,-,2,EU-WEST,unlimited,0
CUS100277,2024-11-26,DE,80648,23,employed,52716.0,Business,38,98.22,3732.36,1,EU-WEST,unlimited,0
CUS100160,2021-05-14,CH,87436,58,employed,44367.0,Basic,41,22.28,913.48,3,EU-WEST,unlimited,0
CUS100073,2021-04-23,NA,25446,47,employed,33274.0,Basic,27,29.52,797.04,1,EU-WEST,unlimited,1
CUS100529,2020-05-27,DE,32208,46,student,22348.0,Standard,10,41.67,416.7,1,EU-WEST,unlimited,1
CUS100062,2019-02-18,BE,29341,46,self-employed,,Business,28,85.68,2399.04,1,EU-WEST,unlimited,0
CUS100492,2021-07-11,DE,02239,59,retired,71735.0,Premium,61,68.29,4165.69,0,EU-WEST,unlimited,0
CUS100047,2023-12-20,DE,76328,64,student,43016.0,Standard,4,52.58,210.32,2,EU-WEST,unlimited,0
CUS100591,2024-02-09,CH,35514,42,employed,91399.0,Standard,72,36.69,2641.68,3,EU-WEST,unlimited,0
CUS900001,2022-06-04,DE,86598,70,unemployed,28717.0,Premium,43,83.64,3596.52,0,EU-WEST,unlimited,0
CUS100505,2024-11-28,NA,17965,56,student,33711.0,Premium,16,79.78,1276.48,1,EU-WEST,unlimited,1
CUS100020,2024-01-29,DE,58656,73,self-employed,,Standard,59,53.44,3152.96,2,EU-WEST,unlimited,0
CUS100424,2023-06-22,DE,52775,31,employed,51082.0,Basic,12,13.42,161.04,2,EU-WEST,unlimited,0
CUS100192,2023-06-17,DE,25627,50,retired,49258.0,Premium,4,78.81,315.24,1,EU-WEST,unlimited,1
CUS100215,2021-09-08,DE,61822,24,employed,53987.0,Standard,50,33.94,1697.0,2,EU-WEST,unlimited,1
CUS100244,2021-04-24,NA,13411,19,retired,29826.0,Basic,35,35.81,1253.35,3,EU-WEST,unlimited,1
CUS100363,2022-09-17,DE,86810,76,unemployed,28131.0,Business,58,97.82,5673.56,3,EU-WEST,unlimited,0
CUS100059,2019-09-20,DE,63801,72,employed,42131.0,Basic,38,24.15,917.7,2,EU-WEST,unlimited,0
CUS100221,2020-02-19,DE,81189,32,self-employed,,Basic,56,38.45,2153.2,0,EU-WEST,unlimited,0
CUS100176,2020-04-26,FR,44145,74,employed,22877.0,Standard,71,38.96,2766.16,2,EU-WEST,unlimited,0
CUS100449,2024-02-29,FR,04042,54,student,56183.0,Standard,44,42.01,1848.44,2,EU-WEST,unlimited,0
CUS100055,2019-09-27,DE,95238,21,employed,70518.0,Standard,67,38.02,2547.34,2,EU-WEST,unlimited,0
CUS100254,2020-12-02,CH,77155,67,retired,54259.0,Basic,66,22.72,1499.52,0,EU-WEST,unlimited,0
CUS100385,2023-02-17,DE,22002,36,self-employed,25626.0,Standard,3,43.34,130.02,2,EU-WEST,unlimited,0
CUS100197,2020-11-05,DE,70693,34,employed,27432.0,Standard,3,45.99,137.97,2,EU-WEST,unlimited,0
CUS100068,2022-08-01,DE,95747,43,unemployed,,Standard,70,49.01,3430.7,1,EU-WEST,unlimited,0
CUS100168,2020-01-25,CH,68296,47,unemployed,23776.0,Standard,28,45.6,1276.8,3,EU-WEST,unlimited,0
CUS100185,2022-04-11,CH,01649,63,retired,39178.0,Basic,34,32.43,1102.62,7,EU-WEST,unlimited,0
CUS100035,2024-05-17,DE,27591,30,employed,28205.0,Business,58,95.96,5565.68,1,EU-WEST,unlimited,0
